{
    "Cincinnati": {
        "month_precipitation": {
            "1": 512,
            "2": 588,
            "3": 889,
            "4": 491,
            "5": 1320,
            "6": 1764,
            "7": 614,
            "8": 290,
            "9": 145,
            "10": 377,
            "11": 1762,
            "12": 435
        },
        "year_precipitation": 9187,
        "relative_precipitation": {
            "1": 0.05573092413192555,
            "2": 0.06400348318275824,
            "3": 0.09676717100250354,
            "4": 0.05344508544682704,
            "5": 0.14368128877762054,
            "6": 0.19201044954827473,
            "7": 0.06683356917383258,
            "8": 0.03156634374659845,
            "9": 0.015783171873299227,
            "10": 0.04103624687057799,
            "11": 0.1917927506258844,
            "12": 0.047349515619897684
        }
    },
    "Seattle": {
        "month_precipitation": {
            "1": 1690,
            "2": 730,
            "3": 870,
            "4": 749,
            "5": 911,
            "6": 568,
            "7": 54,
            "8": 51,
            "9": 902,
            "10": 908,
            "11": 1090,
            "12": 2249
        },
        "year_precipitation": 10772,
        "relative_precipitation": {
            "1": 0.15688822874118083,
            "2": 0.06776828815447457,
            "3": 0.08076494615670256,
            "4": 0.0695321203119198,
            "5": 0.08457111028592648,
            "6": 0.05272929818046788,
            "7": 0.005012996658002228,
            "8": 0.004734496843668771,
            "9": 0.0837356108429261,
            "10": 0.08429261047159302,
            "11": 0.10118826587448941,
            "12": 0.20878202747864835
        }
    },
    "Maui": {
        "month_precipitation": {
            "1": 334,
            "2": 201,
            "3": 658,
            "4": 548,
            "5": 89,
            "6": 144,
            "7": 271,
            "8": 246,
            "9": 270,
            "10": 432,
            "11": 838,
            "12": 805
        },
        "year_precipitation": 4836,
        "relative_precipitation": {
            "1": 0.06906534325889165,
            "2": 0.04156327543424317,
            "3": 0.1360628618693135,
            "4": 0.11331679073614558,
            "5": 0.018403639371381307,
            "6": 0.02977667493796526,
            "7": 0.056038047973531846,
            "8": 0.05086848635235732,
            "9": 0.05583126550868486,
            "10": 0.08933002481389578,
            "11": 0.17328370554177006,
            "12": 0.16645988420181967
        }
    },
    "San Diego": {
        "month_precipitation": {
            "1": 1323,
            "2": 853,
            "3": 144,
            "4": 382,
            "5": 5,
            "6": 3,
            "7": 34,
            "8": 0,
            "9": 11,
            "10": 587,
            "11": 394,
            "12": 1903
        },
        "year_precipitation": 5639,
        "relative_precipitation": {
            "1": 0.23461606667848908,
            "2": 0.1512679553112254,
            "3": 0.025536442631672283,
            "4": 0.06774250753679731,
            "5": 0.0008866820358219542,
            "6": 0.0005320092214931725,
            "7": 0.006029437843589289,
            "8": 0.0,
            "9": 0.0019507004788082993,
            "10": 0.10409647100549743,
            "11": 0.06987054442276999,
            "12": 0.33747118283383576
        }
    }
}